First Name,Last Name,Gender,Date of Birth,Age,Country,Jurisdiction,Political_Group,_26_March_2019_Final_Vote,26 March 2019 Procedural Vote,Pledge 2019,Sept 18 Vote DELETE,Sept 18 Vote IMCO,Sept 18 Vote VOSS,Sept 18 Vote REPORT,June 18 Vote Negotiations,National_Political_Group,National Political Group (Short),Email,Twitter,Wikidata code,EP Webpage,Unnamed: 22,Unnamed: 23,Unnamed: 24,Unnamed: 25,Unnamed: 26,Unnamed: 27,Unnamed: 28
Merja,Kyllönen,male,25/01/1977,42,Finland,-,GUE-NGL,FOR,FOR,-,FOR,FOR,AGAINST,FOR,AGAINST,Vasemmistoliitto,Vasemmistoliitto,merja.kyllonen@europarl.europa.eu,KyllonenMerja,Q460676,http://www.europarl.europa.eu/meps/en/124736/_home.html,,,,,,,
Patrick,Le Hyaric,female,04/02/1957,62,France,Ile-de-France,GUE-NGL,FOR,AGAINST,-,AGAINST,AGAINST,FOR,FOR,FOR,Front de Gauche,FDG,patrick.lehyaric@europarl.europa.eu,PatrickLeHyaric,Q981486,http://www.europarl.europa.eu/meps/en/96735/_home.html,,,,,,,
Emmanuel,Maurel,male,10/05/1973,45,France,Ouest,GUE-NGL,FOR,AGAINST,-,AGAINST,AGAINST,FOR,FOR,FOR,Parti socialiste,PS,emmanuel.maurel@europarl.europa.eu,emmanuelmaurel,Q3052795,http://www.europarl.europa.eu/meps/en/24505/_home.html,,,,,,,
Marie-Pierre,Vieu,male,01/02/1967,52,France,Sud-Ouest,GUE-NGL,FOR,AGAINST,-,AGAINST,ABSTAINED,ABSTAINED,FOR,FOR,Front de Gauche,FDG,marie-pierre.vieu@europarl.europa.eu,mariepierrevieu,Q30341962,http://www.europarl.europa.eu/meps/en/188721/_home.html,,,,,,,
Kostas,Chrysogonos,male,27/06/1961,57,Greece,-,GUE-NGL,FOR,FOR,-,ABSTAINED,NOT PRESENT,ABSTAINED,ABSTAINED,FOR,Coalition of the Radical Left,ΣΥΡΙΖΑ/SYRIZA,kostas.chrysogonos@europarl.europa.eu,Chrysogonos_K,Q17155824,http://www.europarl.europa.eu/meps/en/125061/_home.html,,,,,,,
Morten,Messerschmidt,male,13/11/1980,38,Denmark,-,ECR,FOR,ABSTAINED,-,AGAINST,AGAINST,FOR,FOR,AGAINST,Dansk Folkeparti,DF,morten.messerschmidt@europarl.europa.eu,mrmesserschmidt,Q1338185,http://www.europarl.europa.eu/meps/en/96663/_home.html,,,,,,,
Anders Primdahl,Vistisen,male,12/11/1987,31,Denmark,-,ECR,FOR,FOR,-,AGAINST,AGAINST,FOR,FOR,AGAINST,Dansk Folkeparti,DF,anders.vistisen@europarl.europa.eu,andersvistisen,Q12301466,http://www.europarl.europa.eu/meps/en/124875/_home.html,,,,,,,
Hans-Olaf,Henkel,male,14/03/1940,79,Germany,-,ECR,FOR,AGAINST,-,AGAINST,AGAINST,FOR,FOR,FOR,Liberal-Conservative Refomists,LKR,hans-olaf.henkel@europarl.europa.eu,HansOlafHenkel,Q105564,http://www.europarl.europa.eu/meps/en/124823/_home.html,,,,,,,
Bernd,Kölmel,male,08/12/1958,60,Germany,-,ECR,FOR,AGAINST,-,AGAINST,AGAINST,FOR,FOR,FOR,Liberal-Conservative Refomists,LKR,bernd.koelmel@europarl.europa.eu,,Q16999699,http://www.europarl.europa.eu/meps/en/124824/_home.html,,,,,,,
Raffaele,Fitto,male,28/08/1969,49,Italy,Meridionale,ECR,FOR,AGAINST,-,AGAINST,AGAINST,FOR,FOR,NOT PRESENT,Conservatori e Riformisti,CoR,raffaele.fitto@europarl.europa.eu,raffaelefitto,Q1060314,http://www.europarl.europa.eu/meps/en/4465/_home.html,,,,,,,
Innocenzo,Leontini,female,25/05/1959,59,Italy,Insulare,ECR,FOR,AGAINST,-,AGAINST,AGAINST,NOT PRESENT,NOT PRESENT,NOT PRESENT,Forza Italia,FI,innocenzo.leontini@europarl.europa.eu,ileontini,Q3798977,http://www.europarl.europa.eu/meps/en/72754/_home.html,,,,,,,
Stefano,Maullu,male,15/03/1962,57,Italy,Nord-Occidentale,ECR,FOR,AGAINST,-,AGAINST,AGAINST,FOR,FOR,FOR,Forza Italia,FI,stefano.maullu@europarl.europa.eu,stefanomaullu,Q20668367,http://www.europarl.europa.eu/meps/en/133326/_home.html,,,,,,,
Remo,Sernagiotto,male,01/09/1955,63,Italy,Nord-Orientale,ECR,FOR,AGAINST,-,AGAINST,AGAINST,FOR,FOR,FOR,Conservatori e Riformisti,CoR,remo.sernagiotto@europarl.europa.eu,SernagiottoRemo,Q7312043,http://www.europarl.europa.eu/meps/en/124794/_home.html,,,,,,,
Roberts,Zīle,male,20/06/1958,60,Latvia,-,ECR,FOR,AGAINST,-,AGAINST,FOR,FOR,FOR,FOR,Nacionālā apvienība Visu Latvijai! - Tēvzemei un Brīvībai/LNNK,,roberts.zile@europarl.europa.eu,robertszile,Q969701,http://www.europarl.europa.eu/meps/en/28615/_home.html,,,,,,,
Amjad,Bashir,male,17/09/1952,66,United Kingdom,Yorkshire and the Humber,ECR,FOR,AGAINST,-,AGAINST,AGAINST,FOR,FOR,AGAINST,Conservative Party,CP,amjad.bashir@europarl.europa.eu,AmjadBashirMEP,Q16976943,http://www.europarl.europa.eu/meps/en/124956/_home.html,,,,,,,
David,Campbell Bannerman,female,28/05/1960,58,United Kingdom,Eastern Region,ECR,FOR,FOR,-,AGAINST,AGAINST,FOR,FOR,AGAINST,Conservative Party,CP,david.campbellbannerman@europarl.europa.eu,,Q546231,http://www.europarl.europa.eu/meps/en/96912/_home.html,,,,,,,
Nirj,Deva,female,11/05/1948,70,United Kingdom,South East,ECR,FOR,FOR,-,FOR,FOR,AGAINST,AGAINST,NOT PRESENT,Conservative Party,CP,nirj.deva@europarl.europa.eu,,Q334019,http://www.europarl.europa.eu/meps/en/4556/_home.html,,,,,,,
Jacqueline,Foster,female,30/12/1947,71,United Kingdom,North West,ECR,FOR,AGAINST,-,AGAINST,AGAINST,FOR,FOR,FOR,Conservative Party,CP,jacqueline.foster@europarl.europa.eu,jfoster2019,Q463699,http://www.europarl.europa.eu/meps/en/4553/_home.html,,,,,,,
Ashley,Fox,female,15/11/1969,49,United Kingdom,South West Region,ECR,FOR,AGAINST,-,AGAINST,AGAINST,FOR,FOR,NOT PRESENT,Conservative Party,CP,ashley.fox@europarl.europa.eu,,Q457673,http://www.europarl.europa.eu/meps/en/96957/_home.html,,,,,,,
Sajjad,Karim,male,11/07/1970,48,United Kingdom,North West,ECR,FOR,AGAINST,-,AGAINST,AGAINST,FOR,FOR,FOR,Conservative Party,CP,sajjad.karim@europarl.europa.eu,SHKMEP,Q741344,http://www.europarl.europa.eu/meps/en/28481/_home.html,,,,,,,
Rupert,Matthews,female,05/12/1961,57,United Kingdom,East Midlands Region,ECR,FOR,AGAINST,-,AGAINST,AGAINST,FOR,FOR,FOR,Conservative Party,CP,rupert.matthews@europarl.europa.eu,,Q3453279,http://www.europarl.europa.eu/meps/en/188622/_home.html,,,,,,,
Emma,Mcclarkin,male,09/10/1978,40,United Kingdom,East Midlands Region,ECR,FOR,AGAINST,-,AGAINST,AGAINST,FOR,FOR,FOR,Conservative Party,CP,emma.mcclarkin@europarl.europa.eu,EmmaMcClarkin,Q126452,http://www.europarl.europa.eu/meps/en/96919/_home.html,,,,,,,
Anthea,Mcintyre,female,29/06/1954,64,United Kingdom,West Midlands,ECR,FOR,AGAINST,-,AGAINST,AGAINST,FOR,FOR,FOR,Conservative Party,CP,anthea.mcintyre@europarl.europa.eu,,Q441543,http://www.europarl.europa.eu/meps/en/111011/_home.html,,,,,,,
Baroness Nosheena,Mobarik,female,16/10/1957,61,United Kingdom,Scotland,ECR,FOR,AGAINST,-,AGAINST,AGAINST,FOR,FOR,ABSTAINED,Conservative Party,CP,nosheena.mobarik@ep.europa.eu,NosheenaMobarik,Q18211172,http://www.europarl.europa.eu/meps/en/189391/_home.html,,,,,,,
James,Nicholson,male,29/01/1945,74,United Kingdom,Northern Ireland,ECR,FOR,AGAINST - CORRECTED,-,AGAINST,AGAINST,FOR,FOR,FOR,Ulster Unionist Party,UUP,james.nicholson@europarl.europa.eu,JNicholsonMEP,Q333729,http://www.europarl.europa.eu/meps/en/1318/_home.html,,,,,,,
Kay,Swinburne,female,08/06/1967,51,United Kingdom,Wales,ECR,FOR,AGAINST,-,AGAINST,AGAINST,FOR,FOR,FOR,Conservative Party,CP,kay.swinburne@europarl.europa.eu,,Q468023,http://www.europarl.europa.eu/meps/en/96920/_home.html,,,,,,,
Charles,Tannock,female,25/09/1957,61,United Kingdom,London,ECR,FOR,AGAINST,-,AGAINST,AGAINST,FOR,FOR,FOR,Conservative Party,CP,charles.tannock@europarl.europa.eu,,Q706751,http://www.europarl.europa.eu/meps/en/4521/_home.html,,,,,,,
Geoffrey,Van Orden,female,10/04/1945,73,United Kingdom,Eastern Region,ECR,FOR,AGAINST,-,AGAINST,AGAINST,FOR,FOR,NOT PRESENT,Conservative Party,CP,geoffrey.vanorden@europarl.europa.eu,,Q1503075,http://www.europarl.europa.eu/meps/en/4513/_home.html,,,,,,,
Pascal,Arimont,female,25/09/1974,44,Belgium,Collège électoral germanophone,EPP,AGAINST,FOR,-,AGAINST,ABSTAINED,FOR,FOR,FOR,Christlich Soziale Partei,CSP,pascal.arimont@europarl.europa.eu,pascalarimont,Q1614514,http://www.europarl.europa.eu/meps/en/24922/_home.html,,,,,,,
Jiří,Pospíšil,male,24/11/1975,43,Czech Republic,-,EPP,AGAINST,FOR,-,ABSTAINED,FOR,ABSTAINED,FOR,ABSTAINED,TOP 09 a Starostové,TOP 09,jiri.pospisil@europarl.europa.eu,Pospisil_Jiri,Q962333,http://www.europarl.europa.eu/meps/en/125706/_home.html,,,,,,,
Tomáš,Zdechovský,male,02/11/1979,39,Czech Republic,-,EPP,AGAINST,FOR,YES,AGAINST,AGAINST,FOR,FOR,AGAINST,Křesťanská a demokratická unie - Československá strana lidová,KDU-ČSL,tomas.zdechovsky@europarl.europa.eu,TomZdechovsky,Q12059351,http://www.europarl.europa.eu/meps/en/124713/_home.html,,,,,,,
Hermann,Winkler,male,22/04/1963,55,Germany,-,EPP,AGAINST,FOR,-,AGAINST,AGAINST,FOR,FOR,ABSTAINED,Christlich Demokratische Union Deutschlands,CDU,hermann.winkler@europarl.europa.eu,,Q90995,http://www.europarl.europa.eu/meps/en/96764/_home.html,,,,,,,
Georges,Bach,female,12/06/1955,63,Luxembourg,-,EPP,AGAINST,FOR,-,AGAINST,AGAINST,FOR,FOR,FOR,Parti chrétien social luxembourgeois,CSV/PCS,georges.bach@europarl.europa.eu,,Q981276,http://www.europarl.europa.eu/meps/en/97293/_home.html,,,,,,,
Frank,Engel,male,10/05/1975,43,Luxembourg,-,EPP,AGAINST,FOR,-,AGAINST,AGAINST,FOR,FOR,FOR,Parti chrétien social luxembourgeois,CSV/PCS,frank.engel@europarl.europa.eu,,Q470838,http://www.europarl.europa.eu/meps/en/96876/_home.html,,,,,,,
Christophe,Hansen,male,21/02/1982,37,Luxembourg,-,EPP,AGAINST,FOR,-,AGAINST,AGAINST,FOR,FOR,NOT PRESENT,Parti chrétien social luxembourgeois,CSV/PCS,christophe.hansen@europarl.europe.eu,chanseneu,Q56460787,http://www.europarl.europa.eu/meps/en/193419/_home.html,,,,,,,
David,Casa,male,16/11/1968,50,Malta,-,EPP,AGAINST,AGAINST,-,AGAINST,AGAINST,FOR,FOR,FOR,Partit Nazzjonalista,PN,david.casa@europarl.europa.eu,DavidCasaMEP,Q578504,http://www.europarl.europa.eu/meps/en/28122/_home.html,,,,,,,
Roberta,Metsola,male,18/01/1979,40,Malta,-,EPP,AGAINST,AGAINST,-,AGAINST,AGAINST,FOR,FOR,FOR,Partit Nazzjonalista,PN,roberta.metsola@europarl.europa.eu,RobertaMetsola,Q7351526,http://www.europarl.europa.eu/meps/en/118859/_home.html,,,,,,,
Michał,Boni,male,10/06/1954,64,Poland,-,EPP,AGAINST,FOR,YES,AGAINST,FOR,ABSTAINED,FOR,AGAINST,Platforma Obywatelska,PO,michal.boni@europarl.europa.eu,MichalBoni,Q535780,http://www.europarl.europa.eu/meps/en/124896/_home.html,,,,,,,
Andrzej,Grzyb,female,23/08/1956,62,Poland,-,EPP,AGAINST,FOR,-,AGAINST,AGAINST,FOR,AGAINST,AGAINST,Polskie Stronnictwo Ludowe,PSL,andrzej.grzyb@europarl.europa.eu,GrzybAndrzej,Q4759608,http://www.europarl.europa.eu/meps/en/23785/_home.html,,,,,,,
Krzysztof,Hetman,female,27/06/1974,44,Poland,-,EPP,AGAINST,FOR,-,AGAINST,FOR,AGAINST,AGAINST,AGAINST,Polskie Stronnictwo Ludowe,PSL,krzysztof.hetman@europarl.europa.eu,hetman_k,Q11749266,http://www.europarl.europa.eu/meps/en/124895/_home.html,,,,,,,
Jarosław,Kalinowski,male,12/04/1962,56,Poland,-,EPP,AGAINST,FOR,-,AGAINST,AGAINST,FOR,AGAINST,AGAINST,Polskie Stronnictwo Ludowe,PSL,jaroslaw.kalinowski@europarl.europa.eu,,Q3672035,http://www.europarl.europa.eu/meps/en/96771/_home.html,,,,,,,
Czesław Adam,Siekierski,female,08/10/1952,66,Poland,-,EPP,AGAINST,FOR,-,AGAINST,ABSTAINED,FOR,AGAINST,AGAINST,Polskie Stronnictwo Ludowe,PSL,czeslaw.siekierski@europarl.europa.eu,CzSiekierski,Q6271409,http://www.europarl.europa.eu/meps/en/23787/_home.html,,,,,,,
Adam,Szejnfeld,male,13/11/1958,60,Poland,-,EPP,AGAINST,FOR,-,AGAINST,FOR,FOR,FOR,AGAINST,Platforma Obywatelska,PO,adam.szejnfeld@europarl.europa.eu,szejnfeld,Q351039,http://www.europarl.europa.eu/meps/en/124890/_home.html,,,,,,,
Róża Gräfin,von Thun Und Hohenstein,male,13/04/1954,64,Poland,-,EPP,AGAINST,FOR,-,AGAINST,FOR,FOR,FOR,AGAINST,Platforma Obywatelska,PO,roza.thun@europarl.europa.eu,rozathun,Q274125,http://www.europarl.europa.eu/meps/en/96776/_home.html,,,,,,,
Traian,Ungureanu,female,01/03/1958,61,Romania,-,EPP,AGAINST,FOR,-,AGAINST,AGAINST,FOR,ABSTAINED,AGAINST,Partidul Naţional Liberal,PNL,traian.ungureanu@europarl.europa.eu,TraianUngureanu,Q9360698,http://www.europarl.europa.eu/meps/en/96835/_home.html,,,,,,,
Adina-Ioana,Vălean,female,16/02/1968,51,Romania,-,EPP,AGAINST,FOR,-,AGAINST,FOR,FOR,FOR,AGAINST,Partidul Naţional Liberal,PNL,adinaioana.valean@europarl.europa.eu,AdinaValean,Q274739,http://www.europarl.europa.eu/meps/en/37324/_home.html,,,,,,,
Patricija,Šulin,female,25/11/1965,53,Slovenia,-,EPP,AGAINST,NOT PRESENT,-,AGAINST,AGAINST,FOR,FOR,ABSTAINED,Slovenska demokratska stranka,SDS,patricija.sulin@europarl.europa.eu,PatricijaSulin,Q12798364,http://www.europarl.europa.eu/meps/en/125103/_home.html,,,,,,,
Romana,Tomc,female,02/11/1965,53,Slovenia,-,EPP,AGAINST,NOT PRESENT,-,AGAINST,AGAINST,FOR,FOR,NOT PRESENT,Slovenska demokratska stranka,SDS,romana.tomc@europarl.europa.eu,RomanaTomc,Q16089810,http://www.europarl.europa.eu/meps/en/125104/_home.html,,,,,,,
Milan,Zver,male,25/05/1962,56,Slovenia,-,EPP,AGAINST,AGAINST,-,AGAINST,AGAINST,FOR,FOR,ABSTAINED,Slovenska demokratska stranka,SDS,milan.zver@europarl.europa.eu,MilanZver,Q1628512,http://www.europarl.europa.eu/meps/en/96933/_home.html,,,,,,,
Christofer,Fjellner,male,13/12/1976,42,Sweden,-,EPP,AGAINST,FOR,YES,AGAINST,FOR,AGAINST,AGAINST,AGAINST,Moderaterna,M,christofer.fjellner@europarl.europa.eu,Fjellner,Q666114,http://www.europarl.europa.eu/meps/en/28126/_home.html,,,,,,,
Gunnar,Hökmark,male,19/09/1952,66,Sweden,-,EPP,AGAINST,FOR,-,AGAINST,FOR,AGAINST,AGAINST,AGAINST,Moderaterna,M,gunnar.hokmark@europarl.europa.eu,ghokmark,Q1357206,http://www.europarl.europa.eu/meps/en/28124/_home.html,,,,,,,
Anders,Sellström,male,19/03/1964,55,Sweden,-,EPP,AGAINST,FOR,-,NOT PRESENT,NOT PRESENT,NOT PRESENT,NOT PRESENT,NOT PRESENT,Kristdemokraterna,KD,anders.sellstrom@europarl.europa.eu,ASellstroem,Q6172463,http://www.europarl.europa.eu/meps/en/194658/_home.html,,,,,,,
Eugen,Freund,Male,15/04/1951,67,Austria,-,S&D,AGAINST,FOR,YES,AGAINST,FOR,AGAINST,FOR,AGAINST,Sozialdemokratische Partei Österreichs,SPÖ,eugen.freund@europarl.europa.eu,EugenAFreund,Q1372517,http://www.europarl.europa.eu/meps/en/125018/_home.html,,,,,,,
Karoline,Graswander-Hainz,Female,02/02/1974,45,Austria,-,S&D,AGAINST,FOR,YES,AGAINST,FOR,AGAINST,FOR,AGAINST,Sozialdemokratische Partei Österreichs,SPÖ,karoline.graswander-hainz@europarl.europa.eu,graswanderhainz,Q20656233,http://www.europarl.europa.eu/meps/en/133316/_home.html,,,,,,,
Evelyn,Regner,Female,24/01/1966,53,Austria,-,S&D,AGAINST,FOR,YES,AGAINST,FOR,AGAINST,FOR,AGAINST,Sozialdemokratische Partei Österreichs,SPÖ,evelyn.regner@europarl.europa.eu,Evelyn_Regner,Q87549,http://www.europarl.europa.eu/meps/en/96998/_home.html,,,,,,,
Josef,Weidenholzer,Male,06/03/1950,69,Austria,-,S&D,AGAINST,FOR,YES,AGAINST,FOR,AGAINST,FOR,AGAINST,Sozialdemokratische Partei Österreichs,SPÖ,josef.weidenholzer@europarl.europa.eu,Weidenholzer,Q86829,http://www.europarl.europa.eu/meps/en/111014/_home.html,,,,,,,
Momchil,Nekov,male,13/05/1986,32,Bulgaria,-,S&D,AGAINST,FOR,YES,AGAINST,FOR,AGAINST,AGAINST,AGAINST,Bulgarian Socialist Party,БСП,momchil.nekov@europarl.europa.eu,momchilnekov,Q17266745,http://www.europarl.europa.eu/meps/en/125013/_home.html,,,,,,,
Tonino,Picula,male,31/08/1961,57,Croatia,-,S&D,AGAINST,FOR,-,AGAINST,AGAINST,AGAINST,ABSTAINED,AGAINST,Socijaldemokratska partija Hrvatske,SDP,tonino.picula@europarl.europa.eu,TPicula,Q2617559,http://www.europarl.europa.eu/meps/en/112744/_home.html,,,,,,,
Jan,Keller,female,23/01/1955,64,Czech Republic,-,S&D,AGAINST,FOR,-,AGAINST,FOR,AGAINST,FOR,NOT PRESENT,Česká strana sociálně demokratická,ČSSD,jan.keller@europarl.europa.eu,,Q3491839,http://www.europarl.europa.eu/meps/en/124695/_home.html,,,,,,,
Olga,Sehnalová,male,25/10/1968,50,Czech Republic,-,S&D,AGAINST,FOR,-,AGAINST,FOR,AGAINST,AGAINST,AGAINST,Česká strana sociálně demokratická,ČSSD,olga.sehnalova@europarl.europa.eu,OlgaSehnalova,Q11797891,http://www.europarl.europa.eu/meps/en/96718/_home.html,,,,,,,
Ivari,Padar,male,12/03/1965,54,Estonia,-,S&D,AGAINST,FOR,-,AGAINST,FOR,AGAINST,FOR,AGAINST,Sotsiaaldemokraatlik Erakond,SDE,ivari.padar@ep.europa.eu,,Q1398025,http://www.europarl.europa.eu/meps/en/97025/_home.html,,,,,,,
Udo,Bullmann,male,08/06/1956,62,Germany,-,S&D,AGAINST,FOR,-,AGAINST,NOT PRESENT,NOT PRESENT,FOR,NOT PRESENT,Sozialdemokratische Partei Deutschlands,SPD,udo.bullmann@europarl.europa.eu,UdoBullmann,Q449080,http://www.europarl.europa.eu/meps/en/4267/_home.html,,,,,,,
Michael,Detjen,male,28/04/1958,60,Germany,-,S&D,AGAINST,FOR,YES,AGAINST,FOR,AGAINST,FOR,AGAINST,Sozialdemokratische Partei Deutschlands,SPD,michael.detjen@ep.europa.eu,MichaelDetjen,Q47271098,http://www.europarl.europa.eu/meps/en/190799/_home.html,,,,,,,
Ismail,Ertug,male,05/12/1975,43,Germany,-,S&D,AGAINST,FOR,YES,AGAINST,FOR,AGAINST,AGAINST,AGAINST,Sozialdemokratische Partei Deutschlands,SPD,ismail.ertug@europarl.europa.eu,IsmailErtug,Q75194,http://www.europarl.europa.eu/meps/en/96842/_home.html,,,,,,,
Evelyne,Gebhardt,male,19/01/1954,65,Germany,-,S&D,AGAINST,FOR,YES,AGAINST,FOR,AGAINST,FOR,AGAINST,Sozialdemokratische Partei Deutschlands,SPD,evelyne.gebhardt@europarl.europa.eu,egebhardtmdep,Q74191,http://www.europarl.europa.eu/meps/en/1913/_home.html,,,,,,,
Jens,Geier,male,22/06/1961,57,Germany,-,S&D,AGAINST,FOR,-,AGAINST,NOT PRESENT,AGAINST,FOR,AGAINST,Sozialdemokratische Partei Deutschlands,SPD,jens.geier@europarl.europa.eu,EuropaJens,Q95758,http://www.europarl.europa.eu/meps/en/96833/_home.html,,,,,,,
Petra,Kammerevert,male,01/06/1966,52,Germany,-,S&D,AGAINST,FOR,YES,AGAINST,FOR,AGAINST,AGAINST,AGAINST,Sozialdemokratische Partei Deutschlands,SPD,petra.kammerevert@europarl.europa.eu,SPDEuropa,Q92274,http://www.europarl.europa.eu/meps/en/96837/_home.html,,,,,,,
Sylvia-Yvonne,Kaufmann,male,23/01/1955,64,Germany,-,S&D,AGAINST,FOR,-,AGAINST,FOR,AGAINST,FOR,AGAINST,Sozialdemokratische Partei Deutschlands,SPD,sylvia-yvonne.kaufmann@europarl.europa.eu,KaufmannSylvia,Q74165,http://www.europarl.europa.eu/meps/en/1849/_home.html,,,,,,,
Arndt,Kohn,male,03/09/1980,38,Germany,-,S&D,AGAINST,FOR,YES,NOT PRESENT,NOT PRESENT,NOT PRESENT,NOT PRESENT,AGAINST,Sozialdemokratische Partei Deutschlands,SPD,arndt.kohn@europarl.europa.eu,,Q28869827,http://www.europarl.europa.eu/meps/en/186884/_home.html,,,,,,,
Dietmar,Köster,male,06/01/1957,62,Germany,-,S&D,AGAINST,FOR,YES,AGAINST,FOR,AGAINST,AGAINST,AGAINST,Sozialdemokratische Partei Deutschlands,SPD,dietmar.koester@europarl.europa.eu,,Q16999729,http://www.europarl.europa.eu/meps/en/124822/_home.html,,,,,,,
Constanze,Krehl,female,14/10/1956,62,Germany,-,S&D,AGAINST,FOR,YES,AGAINST,FOR,AGAINST,FOR,AGAINST,Sozialdemokratische Partei Deutschlands,SPD,constanze.krehl@europarl.europa.eu,ConstanzeKrehl,Q71660,http://www.europarl.europa.eu/meps/en/1854/_home.html,,,,,,,
Bernd,Lange,female,14/11/1955,63,Germany,-,S&D,AGAINST,FOR,-,AGAINST,FOR,AGAINST,FOR,AGAINST,Sozialdemokratische Partei Deutschlands,SPD,bernd.lange@europarl.europa.eu,berndlange,Q65437,http://www.europarl.europa.eu/meps/en/1909/_home.html,,,,,,,
Arne,Lietz,female,23/07/1976,42,Germany,-,S&D,AGAINST,FOR,YES,AGAINST,FOR,AGAINST,AGAINST,AGAINST,Sozialdemokratische Partei Deutschlands,SPD,arne.lietz@europarl.europa.eu,ArneLietz,Q16943361,http://www.europarl.europa.eu/meps/en/124839/_home.html,,,,,,,
Susanne,Melior,male,01/09/1958,60,Germany,-,S&D,AGAINST,FOR,YES,AGAINST,FOR,AGAINST,FOR,AGAINST,Sozialdemokratische Partei Deutschlands,SPD,susanne.melior@europarl.europa.eu,,Q2369382,http://www.europarl.europa.eu/meps/en/124838/_home.html,,,,,,,
Norbert,Neuser,female,22/03/1949,70,Germany,-,S&D,AGAINST,FOR,YES,AGAINST,FOR,AGAINST,FOR,AGAINST,Sozialdemokratische Partei Deutschlands,SPD,norbert.neuser@europarl.europa.eu,,Q104492,http://www.europarl.europa.eu/meps/en/96844/_home.html,,,,,,,
Maria,Noichl,male,09/01/1967,52,Germany,-,S&D,AGAINST,FOR,YES,AGAINST,FOR,AGAINST,AGAINST,AGAINST,Sozialdemokratische Partei Deutschlands,SPD,maria.noichl@europarl.europa.eu,,Q1112658,http://www.europarl.europa.eu/meps/en/124836/_home.html,,,,,,,
Ulrike,Rodust,male,04/06/1949,69,Germany,-,S&D,AGAINST,FOR,-,AGAINST,FOR,AGAINST,NOT PRESENT,AGAINST,Sozialdemokratische Partei Deutschlands,SPD,ulrike.rodust@europarl.europa.eu,UlrikeRodust,Q124965,http://www.europarl.europa.eu/meps/en/93624/_home.html,,,,,,,
Joachim,Schuster,female,28/10/1962,56,Germany,-,S&D,AGAINST,FOR,YES,AGAINST,FOR,AGAINST,FOR,AGAINST,Sozialdemokratische Partei Deutschlands,SPD,joachim.schuster@europarl.europa.eu,,Q1499562,http://www.europarl.europa.eu/meps/en/124837/_home.html,,,,,,,
Peter,Simon,female,04/04/1967,51,Germany,-,S&D,AGAINST,FOR,-,AGAINST,FOR,AGAINST,FOR,AGAINST,Sozialdemokratische Partei Deutschlands,SPD,peter.simon@europarl.europa.eu,PeterSimonMEP,Q102421,http://www.europarl.europa.eu/meps/en/96836/_home.html,,,,,,,
Birgit,Sippel,female,29/01/1960,59,Germany,-,S&D,AGAINST,FOR,YES,AGAINST,FOR,AGAINST,AGAINST,AGAINST,Sozialdemokratische Partei Deutschlands,SPD,birgit.sippel@europarl.europa.eu,BirgitSippelMEP,Q108736,http://www.europarl.europa.eu/meps/en/96932/_home.html,,,,,,,
Martina,Werner,female,28/12/1961,57,Germany,-,S&D,AGAINST,FOR,YES,AGAINST,FOR,AGAINST,ABSTAINED,AGAINST,Sozialdemokratische Partei Deutschlands,SPD,martina.werner@europarl.europa.eu,,Q17117409,http://www.europarl.europa.eu/meps/en/124826/_home.html,,,,,,,
Kerstin,Westphal,female,11/09/1962,56,Germany,-,S&D,AGAINST,FOR,YES,AGAINST,FOR,AGAINST,FOR,AGAINST,Sozialdemokratische Partei Deutschlands,SPD,kerstin.westphal@europarl.europa.eu,WestphalKerstin,Q104881,http://www.europarl.europa.eu/meps/en/96839/_home.html,,,,,,,
Tiemo,Wölken,male,05/12/1985,33,Germany,-,S&D,AGAINST,FOR,YES,AGAINST,FOR,AGAINST,AGAINST,AGAINST,Sozialdemokratische Partei Deutschlands,SPD,tiemo.woelken@europarl.europa.eu,woelken,Q27903982,http://www.europarl.europa.eu/meps/en/185619/_home.html,,,,,,,
Péter,Niedermüller,female,03/09/1952,66,Hungary,-,S&D,AGAINST,FOR,-,AGAINST,FOR,AGAINST,AGAINST,AGAINST,Demokratikus Koalíció,DK,peter.niedermueller@europarl.europa.eu,PNiedermueller,Q17315558,http://www.europarl.europa.eu/meps/en/124723/_home.html,,,,,,,
Tibor,Szanyi,male,13/07/1956,62,Hungary,-,S&D,AGAINST,FOR,-,AGAINST,FOR,AGAINST,ABSTAINED,AGAINST,Magyar Szocialista Párt,MSZP,tibor.szanyi@europarl.europa.eu,szanyitibor,Q1294674,http://www.europarl.europa.eu/meps/en/124703/_home.html,,,,,,,
Nessa,Childers,female,09/10/1956,62,Ireland,Dublin,S&D,AGAINST,FOR,YES,AGAINST,FOR,AGAINST,AGAINST,AGAINST,Independent,Independent,nessa.childers@europarl.europa.eu,NChildersMEP,Q525282,http://www.europarl.europa.eu/meps/en/96603/_home.html,,,,,,,
Brando,Benifei,male,01/01/1986,33,Italy,Nord-Occidentale,S&D,AGAINST,FOR,YES,AGAINST,ABSTAINED,AGAINST,ABSTAINED,AGAINST,Partito Democratico,PD,brando.benifei@europarl.europa.eu,brandobenifei,Q17123340,http://www.europarl.europa.eu/meps/en/124867/_home.html,,,,,,,
Renata,Briano,male,23/02/1964,55,Italy,Nord-Occidentale,S&D,AGAINST,FOR,YES,AGAINST,ABSTAINED,AGAINST,ABSTAINED,AGAINST,Partito Democratico,PD,renata.briano@europarl.europa.eu,renatabriano,Q17175270,http://www.europarl.europa.eu/meps/en/124787/_home.html,,,,,,,
Sergio Gaetano,Cofferati,female,30/01/1948,71,Italy,Nord-Occidentale,S&D,AGAINST,FOR,-,NOT PRESENT,NOT PRESENT,NOT PRESENT,NOT PRESENT,AGAINST,Sinistra Italiana,SI,sergio.cofferati@europarl.europa.eu,Cofferati,Q550363,http://www.europarl.europa.eu/meps/en/96915/_home.html,,,,,,,
Elly,Schlein,male,04/05/1985,33,Italy,Nord-Orientale,S&D,AGAINST,FOR,-,ABSTAINED,FOR,ABSTAINED,ABSTAINED,AGAINST,Independent,Independent,elly.schlein@europarl.europa.eu,ellyesse,Q16975892,http://www.europarl.europa.eu/meps/en/124804/_home.html,,,,,,,
Daniele,Viotti,female,29/06/1985,33,Italy,Nord-Occidentale,S&D,AGAINST,FOR,YES,AGAINST,ABSTAINED,AGAINST,AGAINST,AGAINST,Partito Democratico,PD,daniele.viotti@europarl.europa.eu,danieleviotti,Q17266679,http://www.europarl.europa.eu/meps/en/124791/_home.html,,,,,,,
Andrejs,Mamikins,male,11/03/1976,43,Latvia,-,S&D,AGAINST,FOR,YES,FOR,FOR,AGAINST,AGAINST,AGAINST,Saskaņa - Sociāldemokrātiskā partija,SPDS,andrejs.mamikins@europarl.europa.eu,andrejsmamikins,Q15846338,http://www.europarl.europa.eu/meps/en/124746/_home.html,,,,,,,
Mady,Delvaux,male,11/10/1950,68,Luxembourg,-,S&D,AGAINST,FOR,YES,AGAINST,FOR,AGAINST,FOR,AGAINST,Parti ouvrier socialiste luxembourgeois,LSAP/POSL,mady.delvaux-stehres@europarl.europa.eu,mady_delvaux,Q436989,http://www.europarl.europa.eu/meps/en/124776/_home.html,,,,,,,
Agnes,Jongerius,male,04/11/1960,58,Netherlands,-,S&D,AGAINST,FOR,-,NOT PRESENT,NOT PRESENT,NOT PRESENT,NOT PRESENT,AGAINST,Partij van de Arbeid,PvdA ,agnes.jongerius@europarl.europa.eu,a_jongerius,Q2745560,http://www.europarl.europa.eu/meps/en/125021/_home.html,,,,,,,
Kati,Piri,female,08/04/1979,39,Netherlands,-,S&D,AGAINST,FOR,YES,AGAINST,FOR,AGAINST,AGAINST,AGAINST,Partij van de Arbeid,PvdA ,kati.piri@europarl.europa.eu,KatiPiri,Q17143453,http://www.europarl.europa.eu/meps/en/37229/_home.html,,,,,,,
Paul,Tang,male,23/04/1967,51,Netherlands,-,S&D,AGAINST,FOR,YES,AGAINST,FOR,AGAINST,AGAINST,NOT PRESENT,Partij van de Arbeid,PvdA ,paul.tang@europarl.europa.eu,paultang,Q14053382,http://www.europarl.europa.eu/meps/en/125020/_home.html,,,,,,,
Lidia Joanna,Geringer de Oedenberg,female,12/09/1957,61,Poland,-,S&D,AGAINST,FOR,YES,AGAINST,FOR,AGAINST,AGAINST,AGAINST,Independent,Independent,lidiajoanna.geringerdeoedenberg@europarl.europa.eu,lidiageringer,Q455375,http://www.europarl.europa.eu/meps/en/28377/_home.html,,,,,,,
Adam,Gierek,female,17/04/1938,80,Poland,-,S&D,AGAINST,FOR,YES,AGAINST,FOR,AGAINST,AGAINST,AGAINST,Unia Pracy,UP,adam.gierek@europarl.europa.eu,adamgierek,Q349492,http://www.europarl.europa.eu/meps/en/28379/_home.html,,,,,,,
Ana,Gomes,male,09/02/1954,65,Portugal,-,S&D,AGAINST,FOR,-,AGAINST,AGAINST,AGAINST,FOR,AGAINST,Partido Socialista,PS,anamaria.gomes@europarl.europa.eu,AnaMartinsGomes,Q2844986,http://www.europarl.europa.eu/meps/en/28306/_home.html,,,,,,,
Claudiu Ciprian,Tănăsescu,male,19/07/1965,53,Romania,-,S&D,AGAINST,FOR,-,AGAINST,FOR,AGAINST,FOR,FOR,Partidul Social Democrat,PSD,claudiuciprian.tanasescu@europarl.europa.eu,,Q558350,http://www.europarl.europa.eu/meps/en/96847/_home.html,,,,,,,
Claudia,Țapardel,female,16/12/1983,35,Romania,-,S&D,AGAINST,FOR,-,AGAINST,FOR,AGAINST,FOR,FOR,Partidul Social Democrat,PSD,ana-claudia.tapardel@europarl.europa.eu,ClaudiaTapardel,Q17149761,http://www.europarl.europa.eu/meps/en/124793/_home.html,,,,,,,
Monika,Beňová,male,15/08/1968,50,Slovakia,-,S&D,AGAINST,FOR,YES,AGAINST,FOR,AGAINST,AGAINST,AGAINST,SMER-Sociálna demokracia,SMER-SD,monika.benova@europarl.europa.eu,monikaflabenova,Q441032,http://www.europarl.europa.eu/meps/en/23868/_home.html,,,,,,,
Tanja,Fajon,female,09/05/1971,47,Slovenia,-,S&D,AGAINST,FOR,YES,AGAINST,FOR,AGAINST,AGAINST,AGAINST,Socialni demokrati,SD,tanja.fajon@europarl.europa.eu,tfajon,Q462744,http://www.europarl.europa.eu/meps/en/96911/_home.html,,,,,,,
Aleksander,Gabelic,female,17/09/1965,53,Sweden,-,S&D,AGAINST,FOR,-,AGAINST,FOR,AGAINST,FOR,AGAINST,Arbetarepartiet- Socialdemokraterna,SAP,aleksander.gabelic@ep.europa.eu,Agabelic,Q5863217,http://www.europarl.europa.eu/meps/en/192465/_home.html,,,,,,,
Anna,Hedh,male,18/03/1967,52,Sweden,-,S&D,AGAINST,FOR,-,AGAINST,FOR,AGAINST,FOR,NOT PRESENT,Arbetarepartiet- Socialdemokraterna,SAP,anna.hedh@europarl.europa.eu,AnnaHedh,Q441608,http://www.europarl.europa.eu/meps/en/28131/_home.html,,,,,,,
Alex,Mayer,male,02/06/1981,37,United Kingdom,Eastern Region,S&D,AGAINST,FOR,-,AGAINST,AGAINST,FOR,FOR,AGAINST,Labour Party,LAB,alex.mayer@europarl.europa.eu,alexlmayer,Q27680041,http://www.europarl.europa.eu/meps/en/185637/_home.html,,,,,,,
Angelika,Mlinar,Female,29/06/1970,48,Austria,-,ALDE,AGAINST,FOR,-,AGAINST,FOR,AGAINST,AGAINST,NOT PRESENT,NEOS – Das Neue Österreich,NEOS,angelika.mlinar@europarl.europa.eu,angelikamlinar,Q524225,http://www.europarl.europa.eu/meps/en/125026/_home.html,,,,,,204.0,twitters against
Ilhan,Kyuchyuk,female,16/09/1985,33,Bulgaria,-,ALDE,AGAINST,FOR,-,AGAINST,FOR,AGAINST,FOR,AGAINST,Movement for Rights and Freedoms,ДПС,ilhan.kyuchyuk@europarl.europa.eu,ilhankyuchyuk,Q17266806,http://www.europarl.europa.eu/meps/en/124866/_home.html,,,,,,,
Jozo,Radoš,female,03/11/1956,62,Croatia,-,ALDE,AGAINST,FOR,-,AGAINST,FOR,AGAINST,AGAINST,AGAINST,Građansko Liberalni Savez,GLAS,jozo.rados@europarl.europa.eu,jozorados,Q3441723,http://www.europarl.europa.eu/meps/en/112753/_home.html,,,,,,,
Petr,Ježek,male,28/03/1965,53,Czech Republic,-,ALDE,AGAINST,FOR,-,AGAINST,FOR,AGAINST,ABSTAINED,AGAINST,ANO 2011,ANO,petr.jezek@europarl.europa.eu,JezekCZ,Q15817642,http://www.europarl.europa.eu/meps/en/124707/_home.html,,,,,,,
Pavel,Telička,female,24/08/1965,53,Czech Republic,-,ALDE,AGAINST,FOR,-,AGAINST,FOR,AGAINST,ABSTAINED,AGAINST,ANO 2011,ANO,pavel.telicka@europarl.europa.eu,Telicka,Q1357170,http://www.europarl.europa.eu/meps/en/124706/_home.html,,,,,,,
Igor,Gräzin,male,27/06/1952,66,Estonia,-,ALDE,AGAINST,FOR,YES,AGAINST,FOR,AGAINST,AGAINST,NOT PRESENT,Eesti Reformierakond,Reformierakond,igor.grazin@europarl.europa.eu,,Q5993313,http://www.europarl.europa.eu/meps/en/193879/_home.html,,,,,,,
Yana,Toom,female,15/10/1966,52,Estonia,-,ALDE,AGAINST,FOR,YES,FOR,FOR,AGAINST,AGAINST,AGAINST,Eesti Keskerakond,Keskerakond,yana.toom@europarl.europa.eu,yanatoom,Q12379326,http://www.europarl.europa.eu/meps/en/124700/_home.html,,,,,,,
Nils,Torvalds,female,07/08/1945,73,Finland,-,ALDE,AGAINST,FOR,YES,AGAINST,FOR,AGAINST,AGAINST,AGAINST,Svenska folkpartiet,SFP,nils.torvalds@europarl.europa.eu,nilstorvalds,Q949046,http://www.europarl.europa.eu/meps/en/114268/_home.html,,,,,,,
Nadja,Hirsch,male,13/07/1978,40,Germany,-,ALDE,AGAINST,FOR,YES,AGAINST,FOR,AGAINST,AGAINST,AGAINST,Freie Demokratische Partei,FDP,nadja.hirsch@ep.europa.eu,nadjahirsch,Q120859,http://www.europarl.europa.eu/meps/en/96872/_home.html,,,,,,,
Gesine,Meissner,male,22/02/1952,67,Germany,-,ALDE,AGAINST,FOR,-,AGAINST,FOR,AGAINST,AGAINST,AGAINST,Freie Demokratische Partei,FDP,gesine.meissner@europarl.europa.eu,gesine_meissner,Q90784,http://www.europarl.europa.eu/meps/en/96870/_home.html,,,,,,,
Ulrike,Müller,male,07/12/1962,56,Germany,-,ALDE,AGAINST,FOR,YES,AGAINST,FOR,AGAINST,FOR,AGAINST,Freie Wähler,FW,ulrike.mueller@europarl.europa.eu,ulimuellermdep,Q2477402,http://www.europarl.europa.eu/meps/en/124862/_home.html,,,,,,,
Charles,Goerens,male,06/02/1952,67,Luxembourg,-,ALDE,AGAINST,FOR,-,AGAINST,AGAINST,AGAINST,FOR,FOR,Parti démocratique,DP,charles.goerens@europarl.europa.eu,charlesGoerens,Q286466,http://www.europarl.europa.eu/meps/en/840/_home.html,,,,,,,
Gerben-Jan,Gerbrandy,male,28/06/1967,51,Netherlands,-,ALDE,AGAINST,FOR,YES,AGAINST,FOR,AGAINST,AGAINST,NOT PRESENT,Democraten 66,D66,gerben-jan.gerbrandy@europarl.europa.eu,Gerbrandy,Q455179,http://www.europarl.europa.eu/meps/en/96940/_home.html,,,,,,,
Jan,Huitema,male,05/07/1984,34,Netherlands,-,ALDE,AGAINST,FOR,YES,AGAINST,FOR,AGAINST,AGAINST,AGAINST,Volkspartij voor Vrijheid en Democratie,VVD,jan.huitema@europarl.europa.eu,jhuitema,Q17297655,http://www.europarl.europa.eu/meps/en/58789/_home.html,,,,,,,
Sophie,in 't Veld,male,13/09/1963,55,Netherlands,-,ALDE,AGAINST,FOR,YES,AGAINST,FOR,AGAINST,AGAINST,AGAINST,Democraten 66,D66,sophie.intveld@europarl.europa.eu,SophieintVeld,Q446991,http://www.europarl.europa.eu/meps/en/28266/_home.html,,,,,,,
Caroline,Nagtegaal,female,01/06/1980,38,Netherlands,-,ALDE,AGAINST,FOR,YES,AGAINST,FOR,AGAINST,AGAINST,AGAINST,Volkspartij voor Vrijheid en Democratie,VVD,caroline.nagtegaal@ep.europa.eu,C_Nagtegaal,Q21547522,http://www.europarl.europa.eu/meps/en/190519/_home.html,,,,,,,
Marietje,Schaake,male,28/10/1978,40,Netherlands,-,ALDE,AGAINST,FOR,YES,AGAINST,FOR,AGAINST,AGAINST,AGAINST,Democraten 66,D66,marietje.schaake@europarl.europa.eu,MarietjeSchaake,Q433561,http://www.europarl.europa.eu/meps/en/96945/_home.html,,,,,,,
Matthijs,van Miltenburg,male,02/04/1972,46,Netherlands,-,ALDE,AGAINST,FOR,YES,AGAINST,FOR,AGAINST,AGAINST,AGAINST,Democraten 66,D66,matthijs.vanmiltenburg@europarl.europa.eu,matthijsvmilt,Q17152490,http://www.europarl.europa.eu/meps/en/125022/_home.html,,,,,,,
Renate,Weber,male,03/08/1955,63,Romania,-,ALDE,AGAINST,FOR,-,AGAINST,FOR,AGAINST,AGAINST,AGAINST,Independent,Independent,renate.weber@europarl.europa.eu,renateweber,Q440689,http://www.europarl.europa.eu/meps/en/39713/_home.html,,,,,,,
Beatriz,Becerra Basterrechea,female,14/11/1966,52,Spain,-,ALDE,AGAINST,FOR,-,AGAINST,FOR,AGAINST,AGAINST,AGAINST,Independiente,Independiente,beatriz.becerra@europarl.europa.eu,beatrizbecerrab,Q17174668,http://www.europarl.europa.eu/meps/en/125040/_home.html,,,,,,,
Fredrick,Federley,female,06/05/1978,40,Sweden,-,ALDE,AGAINST,FOR,YES,AGAINST,FOR,AGAINST,AGAINST,AGAINST,Centerpartiet,C,fredrick.federley@europarl.europa.eu,federley,Q513301,http://www.europarl.europa.eu/meps/en/124989/_home.html,,,,,,,
Jasenko,Selimovic,male,01/01/1968,51,Sweden,-,ALDE,AGAINST,FOR,-,AGAINST,FOR,AGAINST,AGAINST,AGAINST,Liberalerna,L,jasenko.selimovic@europarl.europa.eu,jasenkos,Q6172305,http://www.europarl.europa.eu/meps/en/134243/_home.html,,,,,,,
Cecilia,Wikström,male,17/10/1965,53,Sweden,-,ALDE,AGAINST,FOR,YES,AGAINST,FOR,AGAINST,AGAINST,AGAINST,Liberalerna,L,cecilia.wikstrom@europarl.europa.eu,CeciliaWikstrom,Q460539,http://www.europarl.europa.eu/meps/en/96677/_home.html,,,,,,,
Catherine,Bearder,male,14/01/1949,70,United Kingdom,South East,ALDE,AGAINST,FOR,-,AGAINST,FOR,AGAINST,ABSTAINED,AGAINST,Liberal Democrats,LD,catherine.bearder@europarl.europa.eu,catherinemep,Q441282,http://www.europarl.europa.eu/meps/en/96955/_home.html,,,,,,,
Joëlle,Bergeron,female,28/06/1949,69,France,Ouest,EFDD,FOR,AGAINST,-,AGAINST,AGAINST,ABSTAINED,FOR,FOR,Sans étiquette,Sans étiquette,joelle.bergeron@europarl.europa.eu,jbergeronmep,Q17174767,http://www.europarl.europa.eu/meps/en/124740/_home.html,,,,,,,
Aymeric,Chauprade,male,13/01/1969,50,France,Ile-de-France,EFDD,FOR,FOR,-,AGAINST,AGAINST,AGAINST,FOR,FOR,Les Français Libres,Les Français Libres,aymeric.chauprade@europarl.europa.eu,a_chauprade,Q793139,http://www.europarl.europa.eu/meps/en/124752/_home.html,,,,,,,
Mireille,D'Ornano,male,29/06/1951,67,France,Sud-Est,EFDD,FOR,AGAINST,-,FOR,FOR,AGAINST,AGAINST,AGAINST,Rassemblement national,RN,mireille.dornano@europarl.europa.eu,mireilledornano,Q17171641,http://www.europarl.europa.eu/meps/en/124750/_home.html,,,,,,,
Sylvie,Goddyn,female,24/06/1964,54,France,Nord-Ouest,EFDD,FOR,AGAINST,-,AGAINST,AGAINST,FOR,FOR,FOR,Rassemblement national,RN,sylvie.goddyn@europarl.europa.eu,Sylvie_Goddyn,Q16948142,http://www.europarl.europa.eu/meps/en/21331/_home.html,,,,,,,
Bernard,Monot,male,03/07/1962,56,France,Massif Central-Centre,EFDD,FOR,AGAINST,-,AGAINST,AGAINST,FOR,FOR,FOR,Rassemblement national,RN,bernard.monot@europarl.europa.eu,bernard_monot,Q16980202,http://www.europarl.europa.eu/meps/en/124761/_home.html,,,,,,,
Rolandas,Paksas,male,10/06/1956,62,Lithuania,-,EFDD,FOR,AGAINST,-,NOT PRESENT,NOT PRESENT,NOT PRESENT,NOT PRESENT,NOT PRESENT,Partija Tvarka ir teisingumas,PTT,rolandas.paksas@europarl.europa.eu,,Q296956,http://www.europarl.europa.eu/meps/en/96694/_home.html,,,,,,,
Bart,Staes,male,07/08/1958,60,Belgium,Nederlands Kiescollege,Greens-EFA,FOR,AGAINST,-,AGAINST,AGAINST,FOR,FOR,AGAINST,Groen,Groen,bart.staes@europarl.europa.eu,BartStaes,Q809212,http://www.europarl.europa.eu/meps/en/4751/_home.html,,,,,,,
José,Bové,female,11/06/1953,65,France,Sud-Ouest,Greens-EFA,FOR,AGAINST,-,AGAINST,AGAINST,FOR,FOR,FOR,Europe écologie,EELV,jose.bove@europarl.europa.eu,josebove,Q5819,http://www.europarl.europa.eu/meps/en/96744/_home.html,,,,,,,
Maria,Heubuch,female,12/12/1958,60,Germany,-,Greens-EFA,FOR,AGAINST,-,AGAINST,AGAINST,FOR,FOR,NOT PRESENT,Bündnis 90/Die Grünen,B'90/Grüne,maria.heubuch@europarl.europa.eu,MariaHeubuch,Q17117404,http://www.europarl.europa.eu/meps/en/124848/_home.html,,,,,,,
Helga,Trüpel,male,21/07/1958,60,Germany,-,Greens-EFA,FOR,AGAINST,-,AGAINST,AGAINST,FOR,FOR,FOR,Bündnis 90/Die Grünen,B'90/Grüne,helga.truepel@europarl.europa.eu,HelgaTruepel,Q68016,http://www.europarl.europa.eu/meps/en/28240/_home.html,,,,,,,
Gerolf,Annemans,male,08/11/1958,60,Belgium,Nederlands Kiescollege,ENF,AGAINST,FOR - CORRECTED,YES,FOR,ABSTAINED,AGAINST,AGAINST,AGAINST,Vlaams Belang,Vlaams Belang,gerolf.annemans@europarl.europa.eu,gannemans,Q2294644,http://www.europarl.europa.eu/meps/en/124973/_home.html,,,,,,,
Marcus,Pretzell,male,16/07/1973,45,Germany,-,ENF,AGAINST,FOR,-,FOR,ABSTAINED,AGAINST,AGAINST,AGAINST,Alternative for Deutschland,Die Blauen,marcus.pretzell@europarl.europa.eu,MarcusPretzell,Q17117405,http://www.europarl.europa.eu/meps/en/124830/_home.html,,,,,,,
Mara,Bizzotto,female,03/06/1972,46,Italy,Nord-Orientale,ENF,AGAINST,FOR,-,FOR,FOR,AGAINST,AGAINST,AGAINST,Lega Nord,LN,mara.bizzotto@europarl.europa.eu,,Q583545,http://www.europarl.europa.eu/meps/en/97198/_home.html,,,,,,,
Mario,Borghezio,female,03/12/1947,71,Italy,Centrale,ENF,AGAINST,FOR,-,FOR,FOR,NOT PRESENT,NOT PRESENT,AGAINST,Lega Nord,LN,mario.borghezio@europarl.europa.eu,,Q1346627,http://www.europarl.europa.eu/meps/en/21817/_home.html,,,,,,,
Angelo,Ciocca,female,28/06/1975,43,Italy,Nord-Occidentale,ENF,AGAINST,FOR,-,FOR,FOR,NOT PRESENT,NOT PRESENT,AGAINST,Lega Nord,LN,angelo.ciocca@europarl.europa.eu,,Q24951518,http://www.europarl.europa.eu/meps/en/183793/_home.html,,,,,,,
Giancarlo,Scottà,male,11/04/1953,65,Italy,Nord-Orientale,ENF,AGAINST,FOR,-,FOR,FOR,AGAINST,AGAINST,AGAINST,Lega Nord,LN,giancarlo.scotta@ep.europa.eu,,Q5558074,http://www.europarl.europa.eu/meps/en/96996/_home.html,,,,,,,
Marco,Zanni,female,11/07/1986,32,Italy,Nord-Occidentale,ENF,AGAINST,FOR,-,FOR,FOR,AGAINST,AGAINST,NOT PRESENT,Independent,Independent,marco.zanni@europarl.europa.eu,Marcozanni86,Q17266678,http://www.europarl.europa.eu/meps/en/124780/_home.html,,,,,,,
André,Elissen,male,12/02/1960,59,Netherlands,-,ENF,AGAINST,ABSTAINED,-,FOR,FOR,AGAINST,AGAINST,AGAINST,Partij voor de Vrijheid,PVV,andre.elissen@europarl.europa.eu,AndreElissen,Q2042395,http://www.europarl.europa.eu/meps/en/188445/_home.html,,,,,,,
Olaf,Stuger,male,03/05/1969,49,Netherlands,-,ENF,AGAINST,ABSTAINED,-,FOR,FOR,AGAINST,AGAINST,AGAINST,Partij voor de Vrijheid,PVV,olaf.stuger@europarl.europa.eu,OlafStuger,Q329694,http://www.europarl.europa.eu/meps/en/125028/_home.html,,,,,,,
Auke,Zijlstra,female,01/11/1964,54,Netherlands,-,ENF,AGAINST,ABSTAINED,YES,FOR,FOR,AGAINST,AGAINST,AGAINST,Partij voor de Vrijheid,PVV,auke.zijlstra@europarl.europa.eu,,Q771169,http://www.europarl.europa.eu/meps/en/103246/_home.html,,,,,,,
Michał,Marusik,male,26/09/1951,67,Poland,-,ENF,AGAINST,FOR,-,FOR,ABSTAINED,AGAINST,AGAINST,AGAINST,Kongres Nowej Prawicy,KNP,michal.marusik@europarl.europa.eu,,Q17166422,http://www.europarl.europa.eu/meps/en/124894/_home.html,,,,,,,
Stanisław,Żółtek,male,07/05/1956,62,Poland,-,ENF,AGAINST,FOR,YES,FOR,ABSTAINED,AGAINST,AGAINST,AGAINST,Kongres Nowej Prawicy,KNP,stanislawjozef.zoltek@europarl.europa.eu,,Q9343571,http://www.europarl.europa.eu/meps/en/124902/_home.html,,,,,,,
John Stuart,Agnew,male,30/08/1949,69,United Kingdom,Eastern Region,ENF,AGAINST,FOR,-,FOR,FOR,FOR,AGAINST,AGAINST,United Kingdom Independence Party,UKIP,johnstuart.agnew@europarl.europa.eu,,Q1338217,http://www.europarl.europa.eu/meps/en/96897/_home.html,,,,,,,
